Fecha,Hora,Consumo Activa
7/6/2021,0,1
7/6/2021,1,1
7/6/2021,2,1
7/6/2021,3,1
7/6/2021,4,2
7/6/2021,5,2
7/6/2021,6,2
7/6/2021,7,2
7/6/2021,8,3
7/6/2021,9,3
7/6/2021,10,3
7/6/2021,11,3
7/6/2021,12,4
7/6/2021,13,4
7/6/2021,14,4
7/6/2021,15,4
7/6/2021,16,4.5
7/6/2021,17,4.735294118
7/6/2021,18,4.970588235
7/6/2021,19,5.205882353
7/6/2021,20,5.441176471
7/6/2021,21,5.676470588
7/6/2021,22,5.911764706
7/6/2021,23,6.147058824
